[{"id":1,"first_name":"Henry","last_name":"Holmes","email":"hholmes0@goodreads.com","hours_worked":29,"hourly_wage":19},
{"id":2,"first_name":"Harold","last_name":"Cox","email":"hcox1@who.int","hours_worked":18,"hourly_wage":11},
{"id":3,"first_name":"Brian","last_name":"Garcia","email":"bgarcia2@addthis.com","hours_worked":4,"hourly_wage":17},
{"id":4,"first_name":"Patricia","last_name":"Young","email":"pyoung3@wix.com","hours_worked":47,"hourly_wage":12},
{"id":5,"first_name":"Jose","last_name":"Jacobs","email":"jjacobs4@prweb.com","hours_worked":45,"hourly_wage":12},
{"id":6,"first_name":"Rachel","last_name":"Carter","email":"rcarter5@t.co","hours_worked":34,"hourly_wage":17},
{"id":7,"first_name":"Ashley","last_name":"Reyes","email":"areyes6@bing.com","hours_worked":60,"hourly_wage":9},
{"id":8,"first_name":"Antonio","last_name":"Cruz","email":"acruz7@jigsy.com","hours_worked":38,"hourly_wage":10},
{"id":9,"first_name":"Randy","last_name":"Cook","email":"rcook8@state.tx.us","hours_worked":22,"hourly_wage":15},
{"id":10,"first_name":"Phillip","last_name":"Long","email":"plong9@un.org","hours_worked":39,"hourly_wage":19},
{"id":11,"first_name":"Andrea","last_name":"Simpson","email":"asimpsona@is.gd","hours_worked":4,"hourly_wage":10},
{"id":12,"first_name":"Tina","last_name":"Rice","email":"triceb@wisc.edu","hours_worked":18,"hourly_wage":20},
{"id":13,"first_name":"Larry","last_name":"Foster","email":"lfosterc@wikia.com","hours_worked":26,"hourly_wage":19},
{"id":14,"first_name":"Philip","last_name":"Hall","email":"phalld@vkontakte.ru","hours_worked":32,"hourly_wage":10},
{"id":15,"first_name":"Annie","last_name":"Gilbert","email":"agilberte@ucsd.edu","hours_worked":57,"hourly_wage":20},
{"id":16,"first_name":"Wanda","last_name":"Myers","email":"wmyersf@gravatar.com","hours_worked":14,"hourly_wage":12},
{"id":17,"first_name":"Robert","last_name":"Palmer","email":"rpalmerg@usnews.com","hours_worked":30,"hourly_wage":12},
{"id":18,"first_name":"Judith","last_name":"King","email":"jkingh@auda.org.au","hours_worked":39,"hourly_wage":14},
{"id":19,"first_name":"Sarah","last_name":"Mendoza","email":"smendozai@fc2.com","hours_worked":16,"hourly_wage":20},
{"id":20,"first_name":"Marilyn","last_name":"Watson","email":"mwatsonj@google.com.hk","hours_worked":19,"hourly_wage":19},
{"id":21,"first_name":"Kelly","last_name":"Payne","email":"kpaynek@bluehost.com","hours_worked":12,"hourly_wage":16},
{"id":22,"first_name":"Craig","last_name":"Willis","email":"cwillisl@google.pl","hours_worked":43,"hourly_wage":13},
{"id":23,"first_name":"Samuel","last_name":"Russell","email":"srussellm@pinterest.com","hours_worked":41,"hourly_wage":8},
{"id":24,"first_name":"Andrew","last_name":"Willis","email":"awillisn@deviantart.com","hours_worked":48,"hourly_wage":14},
{"id":25,"first_name":"Ann","last_name":"Davis","email":"adaviso@merriam-webster.com","hours_worked":25,"hourly_wage":13},
{"id":26,"first_name":"Katherine","last_name":"Martinez","email":"kmartinezp@npr.org","hours_worked":42,"hourly_wage":18},
{"id":27,"first_name":"Larry","last_name":"Hanson","email":"lhansonq@google.ru","hours_worked":23,"hourly_wage":17},
{"id":28,"first_name":"David","last_name":"Collins","email":"dcollinsr@deliciousdays.com","hours_worked":19,"hourly_wage":13},
{"id":29,"first_name":"Marilyn","last_name":"Fernandez","email":"mfernandezs@xrea.com","hours_worked":3,"hourly_wage":20},
{"id":30,"first_name":"Julia","last_name":"Mendoza","email":"jmendozat@chron.com","hours_worked":31,"hourly_wage":18},
{"id":31,"first_name":"Anna","last_name":"Bryant","email":"abryantu@de.vu","hours_worked":56,"hourly_wage":16},
{"id":32,"first_name":"Brandon","last_name":"Ellis","email":"bellisv@biglobe.ne.jp","hours_worked":36,"hourly_wage":8},
{"id":33,"first_name":"Sharon","last_name":"Hunt","email":"shuntw@printfriendly.com","hours_worked":41,"hourly_wage":13},
{"id":34,"first_name":"Juan","last_name":"Mills","email":"jmillsx@miibeian.gov.cn","hours_worked":11,"hourly_wage":11},
{"id":35,"first_name":"Diane","last_name":"Murray","email":"dmurrayy@tmall.com","hours_worked":6,"hourly_wage":10},
{"id":36,"first_name":"Harry","last_name":"Coleman","email":"hcolemanz@ocn.ne.jp","hours_worked":21,"hourly_wage":8},
{"id":37,"first_name":"Michelle","last_name":"Hunter","email":"mhunter10@ebay.co.uk","hours_worked":59,"hourly_wage":19},
{"id":38,"first_name":"Linda","last_name":"Carter","email":"lcarter11@cnet.com","hours_worked":38,"hourly_wage":17},
{"id":39,"first_name":"Sean","last_name":"Stephens","email":"sstephens12@cloudflare.com","hours_worked":43,"hourly_wage":19},
{"id":40,"first_name":"Angela","last_name":"Barnes","email":"abarnes13@1und1.de","hours_worked":35,"hourly_wage":8},
{"id":41,"first_name":"Johnny","last_name":"Mendoza","email":"jmendoza14@eventbrite.com","hours_worked":52,"hourly_wage":16},
{"id":42,"first_name":"Jean","last_name":"Richards","email":"jrichards15@earthlink.net","hours_worked":47,"hourly_wage":18},
{"id":43,"first_name":"Timothy","last_name":"Sims","email":"tsims16@wsj.com","hours_worked":59,"hourly_wage":17},
{"id":44,"first_name":"Diana","last_name":"Simpson","email":"dsimpson17@foxnews.com","hours_worked":46,"hourly_wage":8},
{"id":45,"first_name":"Eric","last_name":"Richards","email":"erichards18@trellian.com","hours_worked":1,"hourly_wage":18},
{"id":46,"first_name":"Diane","last_name":"Hudson","email":"dhudson19@blogspot.com","hours_worked":52,"hourly_wage":15},
{"id":47,"first_name":"Paula","last_name":"Dunn","email":"pdunn1a@odnoklassniki.ru","hours_worked":4,"hourly_wage":8},
{"id":48,"first_name":"Shirley","last_name":"Watson","email":"swatson1b@hatena.ne.jp","hours_worked":45,"hourly_wage":11},
{"id":49,"first_name":"Alan","last_name":"Willis","email":"awillis1c@hubpages.com","hours_worked":52,"hourly_wage":18},
{"id":50,"first_name":"Diane","last_name":"Wright","email":"dwright1d@paginegialle.it","hours_worked":56,"hourly_wage":15},
{"id":51,"first_name":"Helen","last_name":"Lewis","email":"hlewis1e@scientificamerican.com","hours_worked":30,"hourly_wage":10},
{"id":52,"first_name":"Sharon","last_name":"Frazier","email":"sfrazier1f@seattletimes.com","hours_worked":26,"hourly_wage":8},
{"id":53,"first_name":"Theresa","last_name":"Day","email":"tday1g@topsy.com","hours_worked":56,"hourly_wage":13},
{"id":54,"first_name":"Amy","last_name":"Myers","email":"amyers1h@feedburner.com","hours_worked":39,"hourly_wage":20},
{"id":55,"first_name":"Jesse","last_name":"Palmer","email":"jpalmer1i@behance.net","hours_worked":34,"hourly_wage":12},
{"id":56,"first_name":"Janice","last_name":"Kennedy","email":"jkennedy1j@so-net.ne.jp","hours_worked":15,"hourly_wage":13},
{"id":57,"first_name":"Gerald","last_name":"Lawrence","email":"glawrence1k@adobe.com","hours_worked":30,"hourly_wage":8},
{"id":58,"first_name":"Richard","last_name":"Collins","email":"rcollins1l@feedburner.com","hours_worked":56,"hourly_wage":19},
{"id":59,"first_name":"Katherine","last_name":"Garcia","email":"kgarcia1m@goodreads.com","hours_worked":23,"hourly_wage":9},
{"id":60,"first_name":"Ruby","last_name":"Phillips","email":"rphillips1n@shop-pro.jp","hours_worked":9,"hourly_wage":8},
{"id":61,"first_name":"Judy","last_name":"Young","email":"jyoung1o@globo.com","hours_worked":7,"hourly_wage":12},
{"id":62,"first_name":"William","last_name":"Miller","email":"wmiller1p@histats.com","hours_worked":43,"hourly_wage":11},
{"id":63,"first_name":"Jeffrey","last_name":"Jacobs","email":"jjacobs1q@jiathis.com","hours_worked":16,"hourly_wage":15},
{"id":64,"first_name":"Sean","last_name":"Rogers","email":"srogers1r@photobucket.com","hours_worked":25,"hourly_wage":14},
{"id":65,"first_name":"Andrea","last_name":"Meyer","email":"ameyer1s@jalbum.net","hours_worked":42,"hourly_wage":14},
{"id":66,"first_name":"Stephanie","last_name":"Lawrence","email":"slawrence1t@ft.com","hours_worked":36,"hourly_wage":15},
{"id":67,"first_name":"Victor","last_name":"Hawkins","email":"vhawkins1u@simplemachines.org","hours_worked":58,"hourly_wage":16},
{"id":68,"first_name":"Maria","last_name":"Boyd","email":"mboyd1v@about.com","hours_worked":33,"hourly_wage":20},
{"id":69,"first_name":"Roy","last_name":"Johnson","email":"rjohnson1w@360.cn","hours_worked":56,"hourly_wage":9},
{"id":70,"first_name":"Maria","last_name":"Harrison","email":"mharrison1x@ft.com","hours_worked":40,"hourly_wage":10},
{"id":71,"first_name":"Joe","last_name":"Dixon","email":"jdixon1y@dedecms.com","hours_worked":57,"hourly_wage":15},
{"id":72,"first_name":"Willie","last_name":"Ryan","email":"wryan1z@123-reg.co.uk","hours_worked":53,"hourly_wage":13},
{"id":73,"first_name":"Earl","last_name":"Myers","email":"emyers20@arizona.edu","hours_worked":50,"hourly_wage":17},
{"id":74,"first_name":"Billy","last_name":"Ramirez","email":"bramirez21@tinyurl.com","hours_worked":44,"hourly_wage":18},
{"id":75,"first_name":"Judy","last_name":"Henry","email":"jhenry22@disqus.com","hours_worked":42,"hourly_wage":19},
{"id":76,"first_name":"Russell","last_name":"Fisher","email":"rfisher23@vk.com","hours_worked":52,"hourly_wage":9},
{"id":77,"first_name":"Kenneth","last_name":"Fernandez","email":"kfernandez24@uol.com.br","hours_worked":33,"hourly_wage":16},
{"id":78,"first_name":"Rachel","last_name":"Adams","email":"radams25@moonfruit.com","hours_worked":39,"hourly_wage":10},
{"id":79,"first_name":"Cynthia","last_name":"Mcdonald","email":"cmcdonald26@homestead.com","hours_worked":24,"hourly_wage":12},
{"id":80,"first_name":"Henry","last_name":"Owens","email":"howens27@bing.com","hours_worked":23,"hourly_wage":19},
{"id":81,"first_name":"Richard","last_name":"Webb","email":"rwebb28@unc.edu","hours_worked":5,"hourly_wage":14},
{"id":82,"first_name":"Irene","last_name":"Jordan","email":"ijordan29@paypal.com","hours_worked":38,"hourly_wage":13},
{"id":83,"first_name":"Patrick","last_name":"Greene","email":"pgreene2a@nasa.gov","hours_worked":58,"hourly_wage":14},
{"id":84,"first_name":"Norma","last_name":"Palmer","email":"npalmer2b@scientificamerican.com","hours_worked":2,"hourly_wage":19},
{"id":85,"first_name":"Daniel","last_name":"Richards","email":"drichards2c@samsung.com","hours_worked":32,"hourly_wage":14},
{"id":86,"first_name":"Bobby","last_name":"Hunter","email":"bhunter2d@jalbum.net","hours_worked":49,"hourly_wage":15},
{"id":87,"first_name":"Peter","last_name":"Sanders","email":"psanders2e@discuz.net","hours_worked":25,"hourly_wage":17},
{"id":88,"first_name":"Shawn","last_name":"Schmidt","email":"sschmidt2f@diigo.com","hours_worked":7,"hourly_wage":17},
{"id":89,"first_name":"Shawn","last_name":"Clark","email":"sclark2g@cargocollective.com","hours_worked":13,"hourly_wage":8},
{"id":90,"first_name":"Marie","last_name":"Lynch","email":"mlynch2h@seattletimes.com","hours_worked":53,"hourly_wage":8},
{"id":91,"first_name":"Jennifer","last_name":"Palmer","email":"jpalmer2i@sphinn.com","hours_worked":51,"hourly_wage":19},
{"id":92,"first_name":"Amy","last_name":"Cunningham","email":"acunningham2j@goodreads.com","hours_worked":8,"hourly_wage":15},
{"id":93,"first_name":"Anna","last_name":"Rose","email":"arose2k@unesco.org","hours_worked":55,"hourly_wage":14},
{"id":94,"first_name":"Frances","last_name":"Armstrong","email":"farmstrong2l@salon.com","hours_worked":7,"hourly_wage":12},
{"id":95,"first_name":"Kelly","last_name":"Ferguson","email":"kferguson2m@sciencedirect.com","hours_worked":1,"hourly_wage":12},
{"id":96,"first_name":"Andrew","last_name":"Hamilton","email":"ahamilton2n@wsj.com","hours_worked":11,"hourly_wage":17},
{"id":97,"first_name":"Harold","last_name":"Hernandez","email":"hhernandez2o@dmoz.org","hours_worked":27,"hourly_wage":9},
{"id":98,"first_name":"Helen","last_name":"Reid","email":"hreid2p@homestead.com","hours_worked":27,"hourly_wage":16},
{"id":99,"first_name":"Jacqueline","last_name":"Mccoy","email":"jmccoy2q@arstechnica.com","hours_worked":39,"hourly_wage":19},
{"id":100,"first_name":"Christopher","last_name":"Hunter","email":"chunter2r@biblegateway.com","hours_worked":6,"hourly_wage":9}]