[
    {
        "age": 0, 
        "id": "motorola-xoom-with-wi-fi", 
        "name": "Motorola XOOM\u2122 with Wi-Fi", 
        "snippet": "The Next, Next Generation\r\n\r\nExperience the future with Motorola XOOM with Wi-Fi, the world's first tablet powered by Android 3.0 (Honeycomb)."
    }, 
    {
        "age": 1, 
        "id": "motorola-xoom", 
        "name": "MOTOROLA XOOM\u2122", 
        "snippet": "The Next, Next Generation\n\nExperience the future with MOTOROLA XOOM, the world's first tablet powered by Android 3.0 (Honeycomb)."
    }, 
    {
        "age": 2, 
        "carrier": "AT&T", 
        "id": "motorola-atrix-4g", 
        "name": "MOTOROLA ATRIX\u2122 4G", 
        "snippet": "MOTOROLA ATRIX 4G the world's most powerful smartphone."
    }, 
    {
        "age": 3, 
        "id": "dell-streak-7", 
        "name": "Dell Streak 7", 
        "snippet": "Introducing Dell\u2122 Streak 7. Share photos, videos and movies together. It\u2019s small enough to carry around, big enough to gather around."
    }, 
    {
        "age": 4, 
        "carrier": "Cellular South", 
        "id": "samsung-gem", 
        "name": "Samsung Gem\u2122", 
        "snippet": "The Samsung Gem\u2122 brings you everything that you would expect and more from a touch display smart phone \u2013 more apps, more features and a more affordable price."
    }, 
    {
        "age": 5, 
        "carrier": "Dell", 
        "id": "dell-venue", 
        "name": "Dell Venue", 
        "snippet": "The Dell Venue; Your Personal Express Lane to Everything"
    }, 
    {
        "age": 6, 
        "carrier": "Best Buy", 
        "id": "nexus-s", 
        "name": "Nexus S", 
        "snippet": "Fast just got faster with Nexus S. A pure Google experience, Nexus S is the first phone to run Gingerbread (Android 2.3), the fastest version of Android yet."
    }, 
    {
        "age": 7, 
        "carrier": "Cellular South", 
        "id": "lg-axis", 
        "name": "LG Axis", 
        "snippet": "Android Powered, Google Maps Navigation, 5 Customizable Home Screens"
    }, 
    {
        "age": 8, 
        "id": "samsung-galaxy-tab", 
        "name": "Samsung Galaxy Tab\u2122", 
        "snippet": "Feel Free to Tab\u2122. The Samsung Galaxy Tab\u2122 brings you an ultra-mobile entertainment experience through its 7\u201d display, high-power processor and Adobe\u00ae Flash\u00ae Player compatibility."
    }, 
    {
        "age": 9, 
        "carrier": "Cellular South", 
        "id": "samsung-showcase-a-galaxy-s-phone", 
        "name": "Samsung Showcase\u2122 a Galaxy S\u2122 phone", 
        "snippet": "The Samsung Showcase\u2122 delivers a cinema quality experience like you\u2019ve never seen before. Its innovative 4\u201d touch display technology provides rich picture brilliance, even outdoors"
    }, 
    {
        "age": 10, 
        "carrier": "Verizon", 
        "id": "droid-2-global-by-motorola", 
        "name": "DROID\u2122 2 Global by Motorola", 
        "snippet": "The first smartphone with a 1.2 GHz processor and global capabilities."
    }, 
    {
        "age": 11, 
        "carrier": "Verizon", 
        "id": "droid-pro-by-motorola", 
        "name": "DROID\u2122 Pro by Motorola", 
        "snippet": "The next generation of DOES."
    }, 
    {
        "age": 12, 
        "carrier": "AT&T", 
        "id": "motorola-bravo-with-motoblur", 
        "name": "MOTOROLA BRAVO\u2122 with MOTOBLUR\u2122", 
        "snippet": "An experience to cheer about."
    }, 
    {
        "age": 13, 
        "carrier": "T-Mobile", 
        "id": "motorola-defy-with-motoblur", 
        "name": "Motorola DEFY\u2122 with MOTOBLUR\u2122", 
        "snippet": "Are you ready for everything life throws your way?"
    }, 
    {
        "age": 14, 
        "carrier": "T-Mobile", 
        "id": "t-mobile-mytouch-4g", 
        "name": "T-Mobile myTouch 4G", 
        "snippet": "The T-Mobile myTouch 4G is a premium smartphone designed to deliver blazing fast 4G speeds so that you can video chat from practically anywhere, with or without Wi-Fi."
    }, 
    {
        "age": 15, 
        "carrier": "US Cellular", 
        "id": "samsung-mesmerize-a-galaxy-s-phone", 
        "name": "Samsung Mesmerize\u2122 a Galaxy S\u2122 phone", 
        "snippet": "The Samsung Mesmerize\u2122 delivers a cinema quality experience like you\u2019ve never seen before. Its innovative 4\u201d touch display technology provides rich picture brilliance,even outdoors"
    }, 
    {
        "age": 16, 
        "carrier": "Sprint", 
        "id": "sanyo-zio", 
        "name": "SANYO ZIO", 
        "snippet": "The Sanyo Zio by Kyocera is an Android smartphone with a combination of ultra-sleek styling, strong performance and unprecedented value."
    }, 
    {
        "age": 17, 
        "id": "samsung-transform", 
        "name": "Samsung Transform\u2122", 
        "snippet": "The Samsung Transform\u2122 brings you a fun way to customize your Android powered touch screen phone to just the way you like it through your favorite themed \u201cSprint ID Service Pack\u201d."
    }, 
    {
        "age": 18, 
        "id": "t-mobile-g2", 
        "name": "T-Mobile G2", 
        "snippet": "The T-Mobile G2 with Google is the first smartphone built for 4G speeds on T-Mobile's new network. Get the information you need, faster than you ever thought possible."
    }, 
    {
        "age": 19, 
        "id": "motorola-charm-with-motoblur", 
        "name": "Motorola CHARM\u2122 with MOTOBLUR\u2122", 
        "snippet": "Motorola CHARM fits easily in your pocket or palm.  Includes MOTOBLUR service."
    }
]
