{
    "additionalFeatures": "Gorilla Glass display, Dedicated Camera Key, Ring Silence Switch, Swype keyboard.", 
    "android": {
        "os": "Android 2.2", 
        "ui": "Dell Stage"
    }, 
    "availability": [
        "AT&T,", 
        "KT,", 
        "T-Mobile"
    ], 
    "battery": {
        "standbyTime": "400 hours", 
        "talkTime": "7 hours", 
        "type": "Lithium Ion (Li-Ion) (1400 mAH)"
    }, 
    "camera": {
        "features": [
            "Flash", 
            "Video"
        ], 
        "primary": "8.0 megapixels"
    }, 
    "connectivity": {
        "bluetooth": "Bluetooth 2.1", 
        "cell": "850/1900/2100 3G; 850/900/1800/1900 GSM/GPRS/EDGE\n900/1700/2100 3G; 850/900/1800/1900 GSM/GPRS/EDGE", 
        "gps": true, 
        "infrared": false, 
        "wifi": "802.11 b/g/n"
    }, 
    "description": "The Venue is the perfect one-touch, Smart Phone providing instant access to everything you love. All of Venue's features make it perfect for on-the-go students, mobile professionals, and active social communicators who love style and performance.\n\nElegantly designed, the Venue offers a vibrant, curved glass display that\u2019s perfect for viewing all types of content. The Venue\u2019s slender form factor feels great in your hand and also slips easily into your pocket.  A mobile entertainment powerhouse that lets you download the latest tunes from Amazon MP3 or books from Kindle, watch video, or stream your favorite radio stations.  All on the go, anytime, anywhere.", 
    "display": {
        "screenResolution": "WVGA (800 x 480)", 
        "screenSize": "4.1 inches", 
        "touchScreen": true
    }, 
    "hardware": {
        "accelerometer": true, 
        "audioJack": "3.5mm", 
        "cpu": "1 Ghz processor", 
        "fmRadio": false, 
        "physicalKeyboard": false, 
        "usb": "USB 2.0"
    }, 
    "id": "dell-venue", 
    "images": [
        "/phone-images/dell-venue.0.jpg", 
        "/phone-images/dell-venue.1.jpg", 
        "/phone-images/dell-venue.2.jpg", 
        "/phone-images/dell-venue.3.jpg", 
        "/phone-images/dell-venue.4.jpg", 
        "/phone-images/dell-venue.5.jpg"
    ], 
    "name": "Dell Venue", 
    "sizeAndWeight": {
        "dimensions": [
            "64.0 mm (w)", 
            "121.0 mm (h)", 
            "12.9 mm (d)"
        ], 
        "weight": "164.0 grams"
    }, 
    "storage": {
        "flash": "1000MB", 
        "ram": "512MB"
    }
}
