{
    "additionalFeatures": "Accessibility features: Tactile QWERTY keyboard, four-direction keypad, start and end call buttons, dedicated number keys, camera button, TalkBack screen reader", 
    "android": {
        "os": "Android 2.1", 
        "ui": "LG Home"
    }, 
    "availability": [
        "Cellular South"
    ], 
    "battery": {
        "standbyTime": "500 hours", 
        "talkTime": "8 hours", 
        "type": "Lithium Ion (Li-Ion) (1500 mAH)"
    }, 
    "camera": {
        "features": [
            "Flash", 
            "Video"
        ], 
        "primary": "3.0 megapixels"
    }, 
    "connectivity": {
        "bluetooth": "Bluetooth 2.1", 
        "cell": "1.9 GHz CDMA PCS, 800 MHz CDMA, EVDO Rev. A, 1xRTT", 
        "gps": true, 
        "infrared": false, 
        "wifi": "802.11 b/g"
    }, 
    "description": "Android plus QWERTY is a powerful duo. LG Axis melds a speedy UI with the limitless micro-entertainment of 80,000+ apps including voice-activated Google. Feel the tactile vibration on its tempered glass touchscreen. Take the fuzziness out of your fun with a 3.2MP camera that does 360\u00b0 panoramics. And customize your home screens with shortcuts to your apps, favorites, and widgets. It's the centerpiece of your life.", 
    "display": {
        "screenResolution": "WVGA (800 x 480)", 
        "screenSize": "3.2 inches", 
        "touchScreen": true
    }, 
    "hardware": {
        "accelerometer": true, 
        "audioJack": "", 
        "cpu": "600 MHz Qualcomm MSM7627", 
        "fmRadio": false, 
        "physicalKeyboard": true, 
        "usb": "USB 2.0"
    }, 
    "id": "lg-axis", 
    "images": [
        "/phone-images/lg-axis.0.jpg", 
        "/phone-images/lg-axis.1.jpg", 
        "/phone-images/lg-axis.2.jpg"
    ], 
    "name": "LG Axis", 
    "sizeAndWeight": {
        "dimensions": [
            "56.0 mm (w)", 
            "116.0 mm (h)", 
            "16.0 mm (d)"
        ], 
        "weight": "158.0 grams"
    }, 
    "storage": {
        "flash": "126MB", 
        "ram": "256MB"
    }
}
