{
    "additionalFeatures": "3.2\u201d Full touch screen with Advanced anti smudge, anti reflective and anti scratch glass; Swype text input for easy and fast message creation; multiple messaging options, including text with threaded messaging for organized, easy-to-follow text; Social Community support, including Facebook and MySpace; Next generation Address book; Visual Voice Mail\n", 
    "android": {
        "os": "Android 2.1", 
        "ui": "TouchWiz"
    }, 
    "availability": [
        "Cellular South"
    ], 
    "battery": {
        "standbyTime": "800 hours", 
        "talkTime": "7 hours", 
        "type": "Nickel Cadmium (NiCd) (1500 mAH)"
    }, 
    "camera": {
        "features": [
            ""
        ], 
        "primary": "3.0 megapixels"
    }, 
    "connectivity": {
        "bluetooth": "Bluetooth 3.0", 
        "cell": "3G/CDMA : 850MHz/1900MHz\n", 
        "gps": true, 
        "infrared": false, 
        "wifi": "802.11 b/g"
    }, 
    "description": "The Samsung Gem\u2122 maps a route to a smarter mobile experience. By pairing one of the fastest processors in the category with the Android\u2122 platform, the Gem delivers maximum multitasking speed and social networking capabilities to let you explore new territory online. A smart phone at an even smarter price is a real find, so uncover the Gem and discover what\u2019s next.", 
    "display": {
        "screenResolution": "WQVGA (400 x 240)", 
        "screenSize": "3.2 inches", 
        "touchScreen": true
    }, 
    "hardware": {
        "accelerometer": true, 
        "audioJack": "3.5mm", 
        "cpu": "800 MHz", 
        "fmRadio": false, 
        "physicalKeyboard": false, 
        "usb": "USB 2.0"
    }, 
    "id": "samsung-gem", 
    "images": [
        "/phone-images/samsung-gem.0.jpg", 
        "/phone-images/samsung-gem.1.jpg", 
        "/phone-images/samsung-gem.2.jpg"
    ], 
    "name": "Samsung Gem\u2122", 
    "sizeAndWeight": {
        "dimensions": [
            "55.5 mm (w)", 
            "113.0 mm (h)", 
            "12.4 mm (d)"
        ], 
        "weight": "110.0 grams"
    }, 
    "storage": {
        "flash": "220MB", 
        "ram": "256MB"
    }
}
