{
    "additionalFeatures": "Access to Sprint ID Service Packs, front and rear facing cameras\n", 
    "android": {
        "os": "Android 2.1", 
        "ui": "Stock Android + Sprint ID Pack"
    }, 
    "availability": [
        "Sprint"
    ], 
    "battery": {
        "standbyTime": "930 hours", 
        "talkTime": "9 hours", 
        "type": "Lithium Ion (Li-Ion) (1500 mAH)"
    }, 
    "camera": {
        "features": [
            "Flash", 
            "Video"
        ], 
        "primary": "3.0 megapixels"
    }, 
    "connectivity": {
        "bluetooth": "Bluetooth 2.1", 
        "cell": "800Mhz, 1900MHz", 
        "gps": true, 
        "infrared": false, 
        "wifi": "802.11 b/g/n"
    }, 
    "description": "Change your perspective.  The Samsung Transform\u2122 is an Android powered device that delivers the truly customizable experience you want your phone to provide.  Enjoy a new and easy way to personalize your device for business or for entertainment, showcasing your own favorite theme and more through the new open software platform and the ability to download individual \u2018Sprint ID Service Packs\u2019 that combine and deliver multiple content items and applications specifically for the features you want.  Combine this with the 3.5\u201d touch display, QWERTY keyboard, high-speed processor, and both a front and rear facing camera to bring your unique mobile experience to life.", 
    "display": {
        "screenResolution": "HVGA (480 x 320)", 
        "screenSize": "3.5 inches", 
        "touchScreen": true
    }, 
    "hardware": {
        "accelerometer": true, 
        "audioJack": "3.5mm", 
        "cpu": "800 MHz", 
        "fmRadio": false, 
        "physicalKeyboard": true, 
        "usb": "USB 2.0"
    }, 
    "id": "samsung-transform", 
    "images": [
        "/phone-images/samsung-transform.0.jpg", 
        "/phone-images/samsung-transform.1.jpg", 
        "/phone-images/samsung-transform.2.jpg", 
        "/phone-images/samsung-transform.3.jpg", 
        "/phone-images/samsung-transform.4.jpg"
    ], 
    "name": "Samsung Transform\u2122", 
    "sizeAndWeight": {
        "dimensions": [
            "61.5 mm (w)", 
            "117.0 mm (h)", 
            "15.3 mm (d)"
        ], 
        "weight": "148.0 grams"
    }, 
    "storage": {
        "flash": "180MB", 
        "ram": "384MB"
    }
}
