{
    "additionalFeatures": "Swype", 
    "android": {
        "os": "Android 2.1", 
        "ui": "TouchWiz"
    }, 
    "availability": [
        "Cellular South"
    ], 
    "battery": {
        "standbyTime": "800 hours", 
        "talkTime": "7 hours", 
        "type": "Lithium Ion (Li-Ion) (1500 mAH)"
    }, 
    "camera": {
        "features": [
            "Flash", 
            "Video"
        ], 
        "primary": "5.0 megapixels"
    }, 
    "connectivity": {
        "bluetooth": "Bluetooth 3.0", 
        "cell": "3G : 900MHz/1900MHz\nCDMA : 800MHz/1900MHz", 
        "gps": true, 
        "infrared": false, 
        "wifi": "802.11 b/g/n"
    }, 
    "description": "Experience entertainment in a whole new light. The stylish and slim Samsung Showcase\u2122, with its vivid 4-inch Super AMOLED\u2122 display, makes everything from Hollywood blockbusters to music videos to Amazon\u2019s bestsellers look absolutely brilliant \u2013 even outside in the sun. Android\u2122 Market rockets you into a universe filled with equally brilliant apps; download them at blistering speeds thanks to the powerful 1GHz Hummingbird processor. Keep your social life organized and continuously updated with the pre-loaded social networking apps, while uploading all the 5.0MP pics you\u2019ve snapped and 720p HD videos you\u2019ve recorded", 
    "display": {
        "screenResolution": "WVGA (800 x 480)", 
        "screenSize": "4.0 inches", 
        "touchScreen": true
    }, 
    "hardware": {
        "accelerometer": true, 
        "audioJack": "3.5mm", 
        "cpu": "1 GHz", 
        "fmRadio": false, 
        "physicalKeyboard": false, 
        "usb": "USB 2.0"
    }, 
    "id": "samsung-showcase-a-galaxy-s-phone", 
    "images": [
        "/phone-images/samsung-showcase-a-galaxy-s-phone.0.jpg", 
        "/phone-images/samsung-showcase-a-galaxy-s-phone.1.jpg", 
        "/phone-images/samsung-showcase-a-galaxy-s-phone.2.jpg"
    ], 
    "name": "Samsung Showcase\u2122 a Galaxy S\u2122 phone", 
    "sizeAndWeight": {
        "dimensions": [
            "64.2 mm (w)", 
            "125.0 mm (h)", 
            "9.97 mm (d)"
        ], 
        "weight": "118.0 grams"
    }, 
    "storage": {
        "flash": "2048MB", 
        "ram": "512MB"
    }
}
