{
    "additionalFeatures": "Trackball Navigation Control", 
    "android": {
        "os": "Android 2.2", 
        "ui": ""
    }, 
    "availability": [
        "Sprint"
    ], 
    "battery": {
        "standbyTime": "", 
        "talkTime": "4 hours", 
        "type": "Lithium Ion (Li-Ion) (1130 mAH)"
    }, 
    "camera": {
        "features": [
            "Video"
        ], 
        "primary": "3.2 megapixels"
    }, 
    "connectivity": {
        "bluetooth": "Bluetooth 2.1", 
        "cell": "CDMA2000 1xEV-DO Rev.A", 
        "gps": true, 
        "infrared": false, 
        "wifi": "802.11 b/g"
    }, 
    "description": "Zio uses CDMA2000 1xEV-DO rev. A and Wi-Fi technologies and features a 3.5-inch WVGA touch-screen display as a backdrop for a fully customizable mobile multimedia experience.  Along with the touch-screen, a trackball helps users navigate features such as the 3.2 MP camera with video record/playback, media player and full HTML Web browser.  Zio supports up to 32GB through its external microSD memory slot.", 
    "display": {
        "screenResolution": "WVGA (800 x 480)", 
        "screenSize": "3.5 inches", 
        "touchScreen": true
    }, 
    "hardware": {
        "accelerometer": true, 
        "audioJack": "3.5mm", 
        "cpu": "600MHz Qualcomm MSM7627", 
        "fmRadio": false, 
        "physicalKeyboard": false, 
        "usb": "USB 2.0"
    }, 
    "id": "sanyo-zio", 
    "images": [
        "/phone-images/sanyo-zio.0.jpg", 
        "/phone-images/sanyo-zio.1.jpg", 
        "/phone-images/sanyo-zio.2.jpg"
    ], 
    "name": "SANYO ZIO", 
    "sizeAndWeight": {
        "dimensions": [
            "58.6 mm (w)", 
            "116.0 mm (h)", 
            "12.2 mm (d)"
        ], 
        "weight": "105.0 grams"
    }, 
    "storage": {
        "flash": "130MB", 
        "ram": "256MB"
    }
}
