{
    "additionalFeatures": "Mobile Video Chat, HD Camcorder, Screen Share (DLNA), Genius Button, Wi-Fi Calling, Wi-Fi HotSpot, T-Mobile TV, Slacker Radio, Rock Band, Monopoly, Asphalt 5, myModes, Faves Gallery", 
    "android": {
        "os": "Android 2.2", 
        "ui": "HTC Sense\u2122"
    }, 
    "availability": [
        "T-Mobile"
    ], 
    "battery": {
        "standbyTime": "285 hours", 
        "talkTime": "7 hours", 
        "type": "Lithium Ion (Li-Ion) (1400 mAH)"
    }, 
    "camera": {
        "features": [
            "Flash", 
            "Video"
        ], 
        "primary": "5.0 megapixels"
    }, 
    "connectivity": {
        "bluetooth": "Bluetooth 2.0", 
        "cell": "GSM: 850, 900, 1800, 1900; UMTS: Band I/IV", 
        "gps": true, 
        "infrared": false, 
        "wifi": "802.11 b/g/n"
    }, 
    "description": "The myTouch 4G lets you connect fast, communicate easily, and share\u2014all on America\u2019s largest 4G network.\n\nBuilt with families in mind, the newest T-Mobile myTouch 4G helps solve the challenges of staying physically and emotionally connected by sharing photos and video with the HD Camcorder, spontaneous face-to-face conversations through Video Chat, and the ability to reach 4G speeds on T-Mobile\u2019s HSPA+ network.", 
    "display": {
        "screenResolution": "WVGA (800 x 480)", 
        "screenSize": "3.8 inches", 
        "touchScreen": true
    }, 
    "hardware": {
        "accelerometer": true, 
        "audioJack": "3.5mm", 
        "cpu": "2nd Generation 1GHz Qualcomm Snapdragon MSM8255", 
        "fmRadio": true, 
        "physicalKeyboard": false, 
        "usb": "USB 2.0"
    }, 
    "id": "t-mobile-mytouch-4g", 
    "images": [
        "/phone-images/t-mobile-mytouch-4g.0.jpg", 
        "/phone-images/t-mobile-mytouch-4g.1.jpg", 
        "/phone-images/t-mobile-mytouch-4g.2.jpg", 
        "/phone-images/t-mobile-mytouch-4g.3.jpg", 
        "/phone-images/t-mobile-mytouch-4g.4.jpg", 
        "/phone-images/t-mobile-mytouch-4g.5.jpg"
    ], 
    "name": "T-Mobile myTouch 4G", 
    "sizeAndWeight": {
        "dimensions": [
            "62.5 mm (w)", 
            "122.0 mm (h)", 
            "11.0 mm (d)"
        ], 
        "weight": "156.0 grams"
    }, 
    "storage": {
        "flash": "1100MB", 
        "ram": "768MB"
    }
}
