{
    "additionalFeatures": "Accessibility features: tactile QWERTY keyboard, trackpad, three programmable keys, camera button", 
    "android": {
        "os": "Android 2.2", 
        "ui": "Android"
    }, 
    "availability": [
        "T-Mobile"
    ], 
    "battery": {
        "standbyTime": "420 hours", 
        "talkTime": "7 hours", 
        "type": "Lithium Ion (Li-Ion) (1300 mAH)"
    }, 
    "camera": {
        "features": [
            "Flash", 
            "Video"
        ], 
        "primary": "5.0 megapixels"
    }, 
    "connectivity": {
        "bluetooth": "Bluetooth 2.1", 
        "cell": "GSM: 850, 900, 1800, 1900  UMTS: Yes", 
        "gps": true, 
        "infrared": false, 
        "wifi": "802.11 b/g/n"
    }, 
    "description": "The T-Mobile G1 was the world's first Android-powered phone. Launched nearly two years ago, it created an entirely new class of mobile phones and apps. Its successor, the T-Mobile G2 with Google, will continue the revolution.\n\nThe T-Mobile G2 will deliver tight integration with Google services and break new ground as the first smartphone designed to run at 4G speeds on our new HSPA+ network.", 
    "display": {
        "screenResolution": "WVGA (800 x 480)", 
        "screenSize": "3.7 inches", 
        "touchScreen": true
    }, 
    "hardware": {
        "accelerometer": true, 
        "audioJack": "3.5mm", 
        "cpu": "800 MHz Qualcomm\u00ae Snapdragon\u2122 MSM7230", 
        "fmRadio": false, 
        "physicalKeyboard": true, 
        "usb": "USB 2.0"
    }, 
    "id": "t-mobile-g2", 
    "images": [
        "/phone-images/t-mobile-g2.0.jpg", 
        "/phone-images/t-mobile-g2.1.jpg", 
        "/phone-images/t-mobile-g2.2.jpg"
    ], 
    "name": "T-Mobile G2", 
    "sizeAndWeight": {
        "dimensions": [
            "60.4 mm (w)", 
            "119.0 mm (h)", 
            "14.2 mm (d)"
        ], 
        "weight": "180.0 grams"
    }, 
    "storage": {
        "flash": "4000MB", 
        "ram": "512MB"
    }
}
